,Profile_1,Profile_2,Profile_3,Profile_5,Profile_4
Activity_1,0.5500255846664961,0.5280240474492193,0.5183110070140595,0.5005937602438609,0.4539217615877938
Activity_2,0.4949409424971914,0.5257551041243942,0.5207603482173593,0.6155781973728929,0.3428719332847816
Activity_3,0.454530977339587,0.5369323928854167,0.5087552052929047,0.5264295745450094,0.5250990429231953
Activity_4,0.5287180414949484,0.4165046986540903,0.5422519173764343,0.4792418221446598,0.5498495791710754
Activity_5,0.5323244984353442,0.5464423275413446,0.49865773073458364,0.4469639024341269,0.5016107491751959
