,Profile_10,Profile_7,Profile_1,Profile_4,Profile_13,Profile_15,Profile_6,Profile_8,Profile_2,Profile_3,Profile_14,Profile_12,Profile_9,Profile_11,Profile_5
Backend_Development,1.0,0.8348386485511845,0.6753574667781789,0.5394208611040389,0.5071868624872073,0.5065638852091527,0.49761239530115786,0.45953670108322053,0.38025349912032125,0.3513632783538166,0.32297732453002237,0.3224338320085829,0.22145888497543892,0.14049706377661605,0.1330535269918388
