,Profile_3,Profile_2,Profile_1,Profile_4,Profile_5
Activity_1,1.0,0.9656026658385461,0.9003099397286118,0.7713722997951895,0.6455232254444786
Activity_2,0.5797363373403047,0.9261093289582493,0.7309396611022105,0.37358343924444404,1.0
Activity_3,0.6649608529027178,0.9608638375512628,0.775764712088638,1.0,0.9608681413038553
Activity_4,1.0,0.5786145484455553,0.7038801706626595,0.9294045881800665,0.5340109836289902
Activity_5,0.9325102647891184,1.0,0.9256570257654909,0.7910699366024003,0.6572118509425522
