,Profile_1,Profile_2,Profile_3,Profile_5,Profile_4
Activity_1,1.0,0.9152479401167686,0.8802958193221688,0.8200425692969482,0.6800346843098034
Activity_2,0.6119782654890383,0.6923179844458146,0.6785938917999467,1.0,0.32584172837713116
Activity_3,0.7186512597663223,1.0,0.8931732351852321,0.9586950904450207,0.9535928328674108
Activity_4,0.9184533003651058,0.584381293529903,0.969813724843382,0.7534117264941865,1.0
Activity_5,0.9447567822060167,1.0,0.8255747834199421,0.6708217824540528,0.8353843846892514
